behavior,gamma,seed,transition,right_reward_events_per_10000,g_plus_events_per_10000,target_mean_abs_error,target_mean_mc_tolerance,soft_mean_bellman_residual,sampled_mean_bellman_residual,soft_mean_value_error,sampled_mean_value_error
uniform_random,0.95,0,1000,0.0,0.0,0.00014900000000000002,0.0023154520077082186,0.004744646783856899,0.004208333333333337,0.3024942598891604,0.3042887812677791
uniform_random,0.95,0,5000,10.0,4.0,0.0002173179748115213,0.0012643138102466744,0.005010176501749579,0.006240756575280122,0.2977973139111496,0.28948311098937446
uniform_random,0.95,0,10000,14.0,2.0,2.0404877402485644e-05,0.0009156103040392623,0.004829142635385006,0.005788295235812763,0.2936399057274836,0.2895277164627905
uniform_random,0.95,0,25000,11.999999999999998,2.0,3.974144690664996e-05,0.0006019380702193116,0.005764777287136109,0.005729311814825969,0.2813237083521693,0.277018794970962
uniform_random,0.95,0,50000,10.8,1.8,9.025484706971787e-06,0.00042407660213585215,0.0058217739701628595,0.006124119924681805,0.25511338560173047,0.2670883582813574
uniform_random,0.95,0,100000,11.2,1.6,2.847501198849009e-05,0.00030334468339372625,0.005642122134486671,0.007376611893728063,0.19449937162485442,0.2252934657058665
uniform_random,0.95,0,150000,12.133333333333335,1.6,7.127245212291966e-05,0.0002871255716621002,0.004849011917693404,0.005289120066203082,0.14911204456062627,0.1930988123970447
uniform_random,0.95,1,1000,0.0,20.0,0.0019053831450559638,0.002469681911875479,0.004722499791534166,0.014801170939030094,0.30257636573597885,0.288981215211125
uniform_random,0.95,1,5000,4.0,4.0,0.000233644101655113,0.0013950647320696554,0.005163017115493637,0.010805895400875573,0.29833166200627553,0.27824590688498985
uniform_random,0.95,1,10000,8.0,2.0,5.75717474961962e-06,0.0009660646592717451,0.004648228494863163,0.00840801134488778,0.2956521761575232,0.2841800428791795
uniform_random,0.95,1,25000,10.0,2.8,0.00012379460216747212,0.0006520913515380163,0.005693535354609015,0.010901433134908907,0.28961829038801884,0.2531809747450733
uniform_random,0.95,1,50000,12.4,2.5999999999999996,9.439700913405069e-05,0.0004652751683107188,0.006644075181727858,0.006539857378225243,0.2522128000294585,0.25904503745277496
uniform_random,0.95,1,100000,10.9,2.3000000000000003,3.278147615200233e-06,0.00032593121125717474,0.0052954101943011615,0.008160954482677256,0.20632238743617562,0.2199637338887176
uniform_random,0.95,1,150000,10.266666666666666,2.3333333333333335,1.0521138024431609e-05,0.0002991640798974248,0.004858097760573718,0.009629039484986737,0.16704574244521972,0.17011320736118354
uniform_random,0.95,2,1000,0.0,10.0,0.0008599785114570511,0.0027069177407971325,0.004774204699869861,0.008460743483543256,0.3024974022548353,0.29143318330895535
uniform_random,0.95,2,5000,0.0,4.0,0.0001419657459986734,0.0011943129200361496,0.005120847597210225,0.007655086492648063,0.2986827676162882,0.2879056502619454
uniform_random,0.95,2,10000,9.0,2.0,0.00010595040737090833,0.000905187210625731,0.004652868312994943,0.00617760592546359,0.29533198779067976,0.2923208179501347
uniform_random,0.95,2,25000,10.8,2.0,1.4691817577936611e-05,0.0005779740345356145,0.005523363718588231,0.0046510654262362575,0.2858808978116887,0.27662595891246633
uniform_random,0.95,2,50000,13.0,2.8,3.624373990296359e-05,0.00045092694772892543,0.006786934448639976,0.0075943259848251605,0.25059452336921023,0.23940091269514996
uniform_random,0.95,2,100000,12.899999999999999,2.9,0.00015374326338879474,0.0003742735522942819,0.00531829180460967,0.005249843112089602,0.19325442541253568,0.1905207498418765
uniform_random,0.95,2,150000,13.133333333333333,2.666666666666667,7.489695230415705e-05,0.0003238825458655654,0.005067713291036237,0.007615563809200795,0.14640471750525366,0.1784587742060505
uniform_random,0.95,3,1000,20.0,0.0,0.0002530000000000004,0.0029875150208827366,0.004754218268565763,0.004208333333333337,0.30218157023578934,0.3042887812677791
uniform_random,0.95,3,5000,8.0,2.0,2.0504226948780263e-05,0.001232885160180127,0.005114512280703218,0.0070611997009537185,0.2977467987299209,0.2943037794646189
uniform_random,0.95,3,10000,9.0,1.0,7.052394908913136e-05,0.000870671099623457,0.004638676164822368,0.006130676593008737,0.29516723447234033,0.29535894322625816
uniform_random,0.95,3,25000,6.800000000000001,2.4,5.3777607628965884e-05,0.0005908507306066961,0.0050171696124837175,0.01180061664581345,0.2914460803511682,0.2676321154973224
uniform_random,0.95,3,50000,11.2,2.5999999999999996,2.5253778954001382e-05,0.0004367411384326313,0.006818282578451052,0.008023100695502465,0.2561452170781312,0.22934890812542488
uniform_random,0.95,3,100000,12.1,2.9999999999999996,0.00013098161220732873,0.0004480479540208514,0.004865401743697858,0.0057195212318900054,0.188175400634054,0.1103013527807154
uniform_random,0.95,3,150000,12.666666666666666,2.8666666666666667,0.0001063824950731096,0.000460001748741606,0.004483070974699629,0.005180818473189329,0.1345913525157271,0.09239539254563119
uniform_random,0.95,4,1000,10.0,0.0,0.0002090000000000004,0.002726011371949866,0.004716632799347754,0.004208333333333337,0.3022351724533691,0.3042887812677791
uniform_random,0.95,4,5000,18.0,2.0,0.00010156631368801218,0.001347965437990878,0.004875991356124178,0.006809373601031457,0.2964669593300847,0.29316960589468977
uniform_random,0.95,4,10000,11.999999999999998,2.9999999999999996,4.3390590862071865e-05,0.0009511779566982457,0.004584690216178991,0.009045793907351189,0.2950787095407554,0.28126810130942204
uniform_random,0.95,4,25000,14.4,1.6,0.00011376356278415198,0.0006043190908767553,0.006035201876398455,0.00625138889247583,0.28487962818173823,0.2856135660880926
uniform_random,0.95,4,50000,11.6,1.6,5.8743355650300866e-05,0.0004177826776454626,0.006064047039217487,0.005803153774423483,0.24987573820243714,0.27869517856222387
uniform_random,0.95,4,100000,10.1,2.0,1.6750043589572328e-06,0.00030352609326181963,0.005076196340942398,0.006477066846337931,0.20417322870029375,0.26640703495076923
uniform_random,0.95,4,150000,9.200000000000001,2.0,6.129552519579251e-07,0.0002495270896967243,0.004641818845450098,0.005212638763452384,0.18046929645174578,0.25607768912645607
uniform_random,0.95,5,1000,20.0,0.0,0.0002565,0.0030085184061261713,0.004785067840393617,0.004208333333333337,0.3020356420035711,0.3042887812677791
uniform_random,0.95,5,5000,14.0,2.0,4.965243702100518e-05,0.0013200433243832981,0.004938904677462572,0.006336132408384793,0.2971372132682541,0.29531253194982254
uniform_random,0.95,5,10000,10.0,1.0,0.0001148803671139776,0.0008874153633164702,0.004757031736878537,0.0055202693795844485,0.29562870333360924,0.29774201653447563
uniform_random,0.95,5,25000,16.4,1.6,5.2239329770827764e-05,0.0006018460163892644,0.0067315680420527565,0.005453725331177858,0.2738833241540932,0.28047202866675086
uniform_random,0.95,5,50000,15.0,2.4,2.72127915015713e-05,0.0004375069411471609,0.005927064401497481,0.007457114777401668,0.2369517412133677,0.2613614767276229
uniform_random,0.95,5,100000,11.8,1.7000000000000002,1.4081278716798762e-06,0.00032343043971186077,0.005091944653685274,0.00513761345127944,0.1985390666606838,0.24366811313963113
uniform_random,0.95,5,150000,10.933333333333334,1.8666666666666667,3.125041232695386e-05,0.0002811928806485906,0.004609497054067226,0.009753553215855146,0.1639445325517562,0.18385786328528586
uniform_random,0.95,6,1000,0.0,0.0,0.00016000000000000018,0.002399399924981248,0.004755231163917565,0.004208333333333337,0.3024541926336892,0.3042887812677791
uniform_random,0.95,6,5000,8.0,4.0,0.00022292715586391156,0.0012603662196963756,0.004985904674452921,0.011612420984497135,0.29778846544005283,0.27802923269212215
uniform_random,0.95,6,10000,9.0,2.9999999999999996,8.385558355391426e-05,0.0009866860268054382,0.004827157789135714,0.011026728685097206,0.295827387589698,0.2753449639927215
uniform_random,0.95,6,25000,11.2,3.2,8.415698506781394e-05,0.0006190637994599348,0.005649756452014206,0.0057181621292714995,0.28603943525553027,0.2679127120280486
uniform_random,0.95,6,50000,10.6,2.5999999999999996,6.904675862165477e-05,0.00044413819007359083,0.005811169928968491,0.005068436179382936,0.2554249266019833,0.2555876239822145
uniform_random,0.95,6,100000,11.6,1.7000000000000002,1.2038628211488711e-05,0.00034335374816416904,0.0055834790197916255,0.0057533366890613205,0.19393777525201097,0.22086144233469096
uniform_random,0.95,6,150000,10.8,1.6666666666666665,4.3232372314294665e-05,0.0003031626532506796,0.004046258925798798,0.005597534359635219,0.15903496781248297,0.21280801180047856
uniform_random,0.95,7,1000,0.0,0.0,0.0001675000000000003,0.0024549918533469744,0.004786586610479443,0.004208333333333337,0.30254885941391835,0.3042887812677791
uniform_random,0.95,7,5000,5.999999999999999,0.0,0.00018550000000000042,0.0011507563599650584,0.005001640187875509,0.004208333333333337,0.29792085261234064,0.3042887812677791
uniform_random,0.95,7,10000,4.0,1.0,0.00013839524860798178,0.0008145919091904787,0.004904253332728526,0.006797788348105182,0.29669417943179194,0.29366519359481896
uniform_random,0.95,7,25000,4.0,0.4,0.00017875832580154828,0.0005149668386570935,0.004589871028925351,0.0052970412632044024,0.2941741719283497,0.299185552685814
uniform_random,0.95,7,50000,9.4,1.4,8.002494199119137e-05,0.0003995569544503467,0.006448706328189156,0.008081881120580656,0.267697477204244,0.2641519098166808
uniform_random,0.95,7,100000,9.9,1.9000000000000001,6.273912013469302e-06,0.0003063582731484335,0.005946247781031872,0.0061084622052689766,0.2028681046148695,0.2622896672338341
uniform_random,0.95,7,150000,9.866666666666667,2.4,5.0248686979781354e-05,0.00026301176312977325,0.00411057261588246,0.010592293636429823,0.16185877514278627,0.20015939163265226
uniform_random,0.95,8,1000,10.0,10.0,0.0006193021887711155,0.002871208022822993,0.004740833423418518,0.008639627185215574,0.30231707037761235,0.2932460153614696
uniform_random,0.95,8,5000,10.0,5.999999999999999,0.00035146470764089305,0.0013756298219346527,0.005017283438551328,0.010337300503320471,0.2975493360534597,0.2758830310844805
uniform_random,0.95,8,10000,10.0,5.0,0.0003241573517977214,0.0011191757579761276,0.00463744982402619,0.012325647205116702,0.2954216793567943,0.2655507239899802
uniform_random,0.95,8,25000,12.8,5.6,0.0003315011159357936,0.0007079768786852718,0.006430763108808018,0.008303481859357047,0.28215261541821957,0.2472233094933928
uniform_random,0.95,8,50000,13.0,3.4000000000000004,0.0001331874895552851,0.0004996807795174562,0.006378551594384198,0.006819356854002325,0.2431299947547921,0.21958304062299006
uniform_random,0.95,8,100000,11.0,2.9999999999999996,0.00010628490138150926,0.0003856522060655039,0.004479727087998379,0.00636920673667344,0.1964726181822314,0.17875813867363433
uniform_random,0.95,8,150000,13.066666666666666,2.8666666666666667,0.00011524583864205851,0.00039658783810486253,0.005641237019092139,0.007338155959165468,0.13207645810212568,0.09976314551697237
uniform_random,0.95,9,1000,0.0,0.0,0.00016000000000000018,0.002399399924981248,0.0047867991970293585,0.004208333333333337,0.3026153169825051,0.3042887812677791
uniform_random,0.95,9,5000,8.0,0.0,0.00020220000000000028,0.0012003566470012291,0.004937580584291012,0.004208333333333337,0.297794419745766,0.3042887812677791
uniform_random,0.95,9,10000,11.0,0.0,0.00021419999999999992,0.0008723149889804474,0.004742846501405963,0.004208333333333337,0.29478718193137443,0.3042887812677791
uniform_random,0.95,9,25000,6.800000000000001,2.0,1.8153685029810573e-05,0.0005731040543952349,0.005055414801689232,0.0063906034659733865,0.2915832867188734,0.2756946609716586
uniform_random,0.95,9,50000,7.6000000000000005,1.4,3.862132448322064e-05,0.00041080057088766305,0.005625658398445644,0.006503309804948509,0.2702104012841197,0.255492330668569
uniform_random,0.95,9,100000,10.0,2.2,4.8637895231358474e-05,0.0003398895919481356,0.006237236369831603,0.00610489303987917,0.21915423834975578,0.20634572592091263
uniform_random,0.95,9,150000,11.6,2.466666666666667,7.0296089331040035e-06,0.00034683487676483784,0.004498858800295665,0.008141415309555826,0.14737424660854678,0.12219124523634044
uniform_random,0.99,0,1000,90.0,0.0,0.00012360000000000013,0.0021016848098608766,0.001064788245960167,0.0008416666666666673,0.39660252609170193,0.39746409774072045
uniform_random,0.99,0,5000,20.0,0.0,5.2380000000000085e-05,0.0006129214357484876,0.001496363829960579,0.0008416666666666673,0.3939770910735037,0.39746409774072045
uniform_random,0.99,0,10000,15.0,1.0,5.4232896388988296e-05,0.0004129328498072521,0.0015062945387877738,0.0029455495489916876,0.39132085241499,0.3906644388854256
uniform_random,0.99,0,25000,7.6000000000000005,1.2,0.00010955201353030422,0.00026250170988833377,0.0013336653534028516,0.00911529030227911,0.3886493073078343,0.33995985397665557
uniform_random,0.99,0,50000,9.4,0.8,3.053732457405228e-05,0.00024111276156331507,0.0014877061336885545,0.004644974233730655,0.3845021325269262,0.3191337489386241
uniform_random,0.99,0,100000,11.299999999999999,0.8,3.2887139388454445e-05,0.0002025264641522658,0.001501863805541911,0.006301801397207204,0.3635622498293963,0.2745883675700345
uniform_random,0.99,0,150000,12.333333333333332,0.6666666666666667,3.77856057802578e-05,0.00019108565494559268,0.0016494818443419448,0.0020013944152842155,0.3426745894125966,0.2555050741685266
uniform_random,0.99,1,1000,10.0,0.0,4.120000000000004e-05,0.0012163419256113828,0.0010130735205173917,0.0008416666666666673,0.39693884765053417,0.39746409774072045
uniform_random,0.99,1,5000,4.0,0.0,3.611999999999994e-05,0.0005096595663773924,0.001494347356016523,0.0008416666666666673,0.39439001727358125,0.39746409774072045
uniform_random,0.99,1,10000,2.9999999999999996,0.0,3.475999999999985e-05,0.000353576818244628,0.001768219405830787,0.0008416666666666673,0.3920347108943069,0.39746409774072045
uniform_random,0.99,1,25000,7.6000000000000005,0.0,3.94479999999997e-05,0.00023809891618402902,0.0013910574377089067,0.0008416666666666673,0.3885809277999235,0.39746409774072045
uniform_random,0.99,1,50000,9.6,0.2,1.6888940184469833e-05,0.00017550288309067075,0.0013545086654906324,0.002472223048347393,0.38343377955939295,0.3635730690930581
uniform_random,0.99,1,100000,12.1,0.4,1.0770216811659128e-06,0.00014069084009645923,0.0019144783422859132,0.007619754816420995,0.36290447502717543,0.3194289540228376
uniform_random,0.99,1,150000,11.733333333333333,0.4666666666666667,1.9279181260878353e-05,0.00014154222539427584,0.0013294223167957641,0.0022452937327912224,0.3410067793577556,0.2833042419102411
uniform_random,0.99,2,1000,20.0,0.0,4.910000000000006e-05,0.001326761184237771,0.0010061920118594745,0.0008416666666666673,0.3969122844637121,0.39746409774072045
uniform_random,0.99,2,5000,10.0,0.0,4.042000000000002e-05,0.0005387783380946107,0.0014682185548714952,0.0008416666666666673,0.3942826629656489,0.39746409774072045
uniform_random,0.99,2,10000,25.0,0.0,5.487000000000016e-05,0.0004434199440710759,0.0013415610368700589,0.0008416666666666673,0.39084672929592773,0.39746409774072045
uniform_random,0.99,2,25000,14.4,0.4,1.6440965280096684e-05,0.00026650702364206907,0.0013006993646110746,0.006153435451563432,0.38797189765985235,0.36840670939162234
uniform_random,0.99,2,50000,11.2,0.2,2.9971682729671573e-05,0.00018890921885579508,0.0014512691433858412,0.002821990660481157,0.38232610193440636,0.36647246933912464
uniform_random,0.99,2,100000,11.8,0.1,4.782320870437909e-05,0.0001343473826115179,0.0016649592805546322,0.0011759077437383306,0.3621202456637713,0.36763276181109106
uniform_random,0.99,2,150000,11.333333333333334,0.2,4.263528522795157e-05,0.00011508904572586656,0.0012839090247565611,0.006517239772601411,0.343859360329297,0.33050689603156425
uniform_random,0.99,3,1000,10.0,0.0,4.140000000000005e-05,0.0012192977323033166,0.0010145211513814072,0.0008416666666666673,0.396946923732267,0.39746409774072045
uniform_random,0.99,3,5000,4.0,0.0,3.4660000000000085e-05,0.0004992413492490305,0.0014323986352926734,0.0008416666666666673,0.39426423354955614,0.39746409774072045
uniform_random,0.99,3,10000,4.0,0.0,3.530000000000009e-05,0.0003562649744221214,0.0017830536821987,0.0008416666666666673,0.39205446690288603,0.39746409774072045
uniform_random,0.99,3,25000,11.2,0.0,4.278400000000012e-05,0.0002478772516872181,0.0012770389505257348,0.0008416666666666673,0.38819303158932966,0.39746409774072045
uniform_random,0.99,3,50000,11.4,0.0,4.3310000000000126e-05,0.00017634858230222342,0.0016615369482023499,0.0008416666666666673,0.38119095148363685,0.39746409774072045
uniform_random,0.99,3,100000,9.4,0.2,1.8261094798549538e-05,0.0001398273068921482,0.001337371781335935,0.004785273650723205,0.365496257138864,0.342753368950568
uniform_random,0.99,3,150000,9.266666666666667,0.33333333333333337,2.6512083010674092e-05,0.0001304862910190572,0.0013141846228753862,0.003189688760701743,0.3522747325695292,0.29932961205473746
uniform_random,0.99,4,1000,20.0,0.0,5.650000000000002e-05,0.0014236111126287292,0.0010244361523630066,0.0008416666666666673,0.39684914508788105,0.39746409774072045
uniform_random,0.99,4,5000,22.0,0.0,5.414000000000018e-05,0.0006230576692409708,0.0014229490003752384,0.0008416666666666673,0.393817541292605,0.39746409774072045
uniform_random,0.99,4,10000,13.0,0.0,4.518999999999999e-05,0.00040274608824915283,0.0016637610825765417,0.0008416666666666673,0.39143009026556635,0.39746409774072045
uniform_random,0.99,4,25000,8.8,0.0,4.104000000000014e-05,0.0002428296469544269,0.0012983125293507282,0.0008416666666666673,0.388473599856459,0.39746409774072045
uniform_random,0.99,4,50000,7.0,0.0,3.9279999999999814e-05,0.00016801451080192059,0.0012142024726287367,0.0008416666666666673,0.3868757589481935,0.39746409774072045
uniform_random,0.99,4,100000,10.0,0.2,2.4400079696333676e-05,0.00013055180596667653,0.001843053260812447,0.008119763513510627,0.37007582009043566,0.3399637493976096
uniform_random,0.99,4,150000,9.933333333333332,0.33333333333333337,2.25594595291978e-05,0.00012596192461948895,0.001256286198100462,0.004931827269620409,0.3490861946603166,0.2899985854022566
uniform_random,0.99,5,1000,0.0,0.0,3.260000000000003e-05,0.0010832740373515866,0.001022499449349521,0.0008416666666666673,0.3969798242441278,0.39746409774072045
uniform_random,0.99,5,5000,11.999999999999998,0.0,4.4040000000000046e-05,0.0005623174647830109,0.001467496582137911,0.0008416666666666673,0.39420729903824586,0.39746409774072045
uniform_random,0.99,5,10000,14.0,0.0,4.615000000000007e-05,0.00040696980969108124,0.0017111339308887683,0.0008416666666666673,0.3916158952912041,0.39746409774072045
uniform_random,0.99,5,25000,16.4,0.4,5.711415091103891e-06,0.00026139859945276567,0.001278759381851071,0.00394319746372366,0.3871130789861366,0.3809991115330724
uniform_random,0.99,5,50000,18.8,0.2,3.931899707624448e-05,0.00019650953778696043,0.0021206468793161615,0.0018922132352069139,0.3729925525987434,0.3588147203716512
uniform_random,0.99,5,100000,15.299999999999999,0.1,3.1662489503779534e-05,0.00014070686778920585,0.0014017396977190732,0.0012482394591624986,0.34857122885218345,0.3553730844539726
uniform_random,0.99,5,150000,15.666666666666668,0.2,2.0133892918890173e-05,0.0001312220297420295,0.001548190857438071,0.0037991875411258007,0.32695714388792096,0.3112534517975595
uniform_random,0.99,6,1000,50.0,0.0,7.55000000000001e-05,0.001643139738427624,0.000988050301635635,0.0008416666666666673,0.39681925576992977,0.39746409774072045
uniform_random,0.99,6,5000,16.0,0.0,4.743999999999998e-05,0.0005834323981405123,0.001439490999126997,0.0008416666666666673,0.3942453606206728,0.39746409774072045
uniform_random,0.99,6,10000,11.0,0.0,4.257999999999982e-05,0.00039099952838845474,0.0016055874674329826,0.0008416666666666673,0.3915132470899097,0.39746409774072045
uniform_random,0.99,6,25000,7.2,0.0,3.975999999999967e-05,0.00023905236112619957,0.001379919681658021,0.0008416666666666673,0.3886666010448314,0.39746409774072045
uniform_random,0.99,6,50000,7.6000000000000005,0.2,2.3684121276202133e-05,0.00017220093538710855,0.0012392863265580489,0.006253066015210817,0.3862566686097815,0.3698750803808086
uniform_random,0.99,6,100000,8.1,0.2,1.8405379240724745e-05,0.00013686626448362028,0.0015782744252235378,0.005370618745065024,0.3737749589246783,0.3332228164938947
uniform_random,0.99,6,150000,10.200000000000001,0.4,1.7118475717649295e-05,0.00015827373799294836,0.001926241864887034,0.004814192898121354,0.3521424553246766,0.25905567448072647
uniform_random,0.99,7,1000,0.0,0.0,3.060000000000006e-05,0.0010495188611930732,0.0010161974070174802,0.0008416666666666673,0.39698637477966137,0.39746409774072045
uniform_random,0.99,7,5000,10.0,0.0,4.404000000000001e-05,0.0005624442116334664,0.0015017156750860097,0.0008416666666666673,0.394139445813962,0.39746409774072045
uniform_random,0.99,7,10000,11.0,0.0,4.438000000000004e-05,0.000399199177353855,0.0016715764699244647,0.0008416666666666673,0.3915488744049114,0.39746409774072045
uniform_random,0.99,7,25000,11.6,0.0,4.3551999999999816e-05,0.00025008646287236745,0.0012330798974820047,0.0008416666666666673,0.38818306999956925,0.39746409774072045
uniform_random,0.99,7,50000,12.4,0.0,4.4519999999999553e-05,0.00017878145138689128,0.0014465515370980758,0.0008416666666666673,0.38114889074362135,0.39746409774072045
uniform_random,0.99,7,100000,14.3,0.3,5.1043290360715254e-06,0.00014275738891914431,0.0018809459084642096,0.0040474319471864055,0.35660099770452786,0.32862651550871486
uniform_random,0.99,7,150000,13.600000000000001,0.26666666666666666,2.4459276929608698e-06,0.00012928593493214262,0.0014224658941672092,0.0017639555719601112,0.33539314417502286,0.30711799016925134
uniform_random,0.99,8,1000,20.0,0.0,5.420000000000005e-05,0.0013942298519254305,0.001018325131671012,0.0008416666666666673,0.39687521179880564,0.39746409774072045
uniform_random,0.99,8,5000,11.999999999999998,0.0,4.556000000000007e-05,0.0005719648912302134,0.0014325141822343855,0.0008416666666666673,0.3943219546403371,0.39746409774072045
uniform_random,0.99,8,10000,10.0,0.0,4.255999999999996e-05,0.000390953038612049,0.0016887956845504312,0.0008416666666666673,0.39170726389054167,0.39746409774072045
uniform_random,0.99,8,25000,11.999999999999998,0.4,4.879576989339071e-06,0.0002488939554743203,0.0011995591160042526,0.0036213188392441383,0.38782428176941214,0.3809676046112605
uniform_random,0.99,8,50000,11.6,0.2,3.6311948362205415e-05,0.00018157763770038256,0.0015383679082136843,0.0018108867720690424,0.3816507346008724,0.3592500937671608
uniform_random,0.99,8,100000,11.999999999999998,0.4,1.0693635816114155e-05,0.0001664052998205734,0.0014542892883941828,0.0023917824765674494,0.36168112739568387,0.30505791011379946
uniform_random,0.99,8,150000,11.4,0.33333333333333337,6.63264940385655e-06,0.00015375966375516547,0.0012340565223224777,0.0024650249590051007,0.3455650927148799,0.2749172850258251
uniform_random,0.99,9,1000,0.0,10.0,0.0009260749999999998,0.001050207354525765,0.0010064181017456063,0.006800029947916667,0.39698069327705104,0.39257360164697047
uniform_random,0.99,9,5000,0.0,2.0,7.92599386583992e-05,0.000550117887391406,0.0014702555416955074,0.00591701877450104,0.3945189494444153,0.37341585121563065
uniform_random,0.99,9,10000,7.0,1.0,3.730844656547189e-05,0.0004206628382311008,0.0015770060473751593,0.0048272425750939965,0.3918218139110506,0.3696956451364087
uniform_random,0.99,9,25000,10.0,0.8,3.3822150932671935e-05,0.00027081635828348687,0.0012610087362084814,0.002449262043882863,0.38830983194060514,0.36196471176057293
uniform_random,0.99,9,50000,7.2,0.6,9.497383209600141e-07,0.00019914228952140338,0.0011951690822640637,0.00495774706743217,0.386120194943199,0.3311030420635555
uniform_random,0.99,9,100000,9.200000000000001,0.5,1.478980122301965e-06,0.00016735113314285372,0.0013756554274497823,0.0020355390361501587,0.367812928771645,0.30669807166662605
uniform_random,0.99,9,150000,10.533333333333335,0.5333333333333333,1.69495034965661e-05,0.0001603355554713786,0.0017242716697207366,0.004138718315123069,0.34844117481499565,0.2527084476492129
uniform_random,0.995,0,1000,30.0,0.0,3.050000000000003e-05,0.0010465524831560036,0.0005072670933386691,0.00042083333333333366,0.41223457964125326,0.4125441740641944
uniform_random,0.995,0,5000,22.0,0.0,2.684000000000003e-05,0.00043914268478479707,0.0007587892210107165,0.00042083333333333366,0.41049776961649126,0.4125441740641944
uniform_random,0.995,0,10000,16.0,0.0,2.3795000000000036e-05,0.0002924297469478873,0.0009873789821124486,0.00042083333333333366,0.40849402922043326,0.4125441740641944
uniform_random,0.995,0,25000,20.799999999999997,0.0,2.6404000000000034e-05,0.00019479663167520003,0.0008122141044573728,0.00042083333333333366,0.4042647349272895,0.4125441740641944
uniform_random,0.995,0,50000,15.6,0.0,2.3864999999999884e-05,0.00013097382051386006,0.0008376452620916295,0.00042083333333333366,0.4000887244817184,0.4125441740641944
uniform_random,0.995,0,100000,13.600000000000001,0.2,2.6158800053082895e-06,9.07347828357267e-05,0.0007991729110141871,0.004342305353538405,0.39002861990229093,0.3759455375780711
uniform_random,0.995,0,150000,13.333333333333332,0.4,1.1204451976658258e-05,0.00010872423125122055,0.0008572671543196157,0.010929591535579672,0.37907270619426653,0.23598743201179015
uniform_random,0.995,1,1000,30.0,0.0,3.270000000000001e-05,0.001083728812941686,0.0005198669793311824,0.00042083333333333366,0.412216676481208,0.4125441740641944
uniform_random,0.995,1,5000,10.0,0.0,2.1400000000000083e-05,0.0003922933800104152,0.000766045772285251,0.00042083333333333366,0.4106057715275288,0.4125441740641944
uniform_random,0.995,1,10000,13.0,0.0,2.2945000000000056e-05,0.00028719686610407673,0.0010522385689203204,0.00042083333333333366,0.40862791367239554,0.4125441740641944
uniform_random,0.995,1,25000,15.6,0.0,2.387600000000008e-05,0.00018526770503248294,0.0008450180224082375,0.00042083333333333366,0.4046086971328832,0.4125441740641944
uniform_random,0.995,1,50000,12.2,0.2,8.104012575406092e-06,0.0001279946945503236,0.000717241209574387,0.005577418001542901,0.40234508520714063,0.3864719442278683
uniform_random,0.995,1,100000,12.1,0.2,7.336487448800222e-09,9.479837789829523e-05,0.0008417677646855335,0.0027078235389033493,0.39366007970463057,0.3734730334094771
uniform_random,0.995,1,150000,11.999999999999998,0.2,7.771039102467958e-06,8.39452894335626e-05,0.0008067863143205641,0.006158887121085535,0.3823062099636574,0.31667672454646284
uniform_random,0.995,2,1000,0.0,0.0,1.690000000000002e-05,0.0007799804997562414,0.0005228543424034602,0.00042083333333333366,0.412283594158489,0.4125441740641944
uniform_random,0.995,2,5000,8.0,0.0,1.974000000000003e-05,0.0003768001242037967,0.0007880782105598701,0.00042083333333333366,0.41062506085527234,0.4125441740641944
uniform_random,0.995,2,10000,14.0,0.0,2.2635000000000003e-05,0.00028523181046300296,0.0009817535580558814,0.00042083333333333366,0.40862542902891047,0.4125441740641944
uniform_random,0.995,2,25000,7.6000000000000005,0.8,2.568874576896335e-05,0.00018544544699886044,0.0011881630466352355,0.011746556409704146,0.405342611076377,0.3581354745819636
uniform_random,0.995,2,50000,8.4,0.4,2.1193638710392815e-05,0.00016438165582745916,0.0006191738413344311,0.005638115937507058,0.40295124131566956,0.33763070566193826
uniform_random,0.995,2,100000,10.399999999999999,0.4,8.402381529354352e-06,0.00013838989247265613,0.0008601238784148915,0.0026098083289312125,0.39460120571043894,0.2970783006930026
uniform_random,0.995,2,150000,10.200000000000001,0.26666666666666666,1.7347904838746486e-05,0.0001235990180748146,0.0008339420260413399,0.0012875668823053032,0.38535212189279844,0.29633046830153437
uniform_random,0.995,3,1000,20.0,0.0,2.5950000000000014e-05,0.0009655937499797705,0.0005115982398927591,0.00042083333333333366,0.41225114084600784,0.4125441740641944
uniform_random,0.995,3,5000,8.0,0.0,2.0260000000000016e-05,0.00038173570228627917,0.0007829112536021258,0.00042083333333333366,0.410681729251382,0.4125441740641944
uniform_random,0.995,3,10000,8.0,0.0,2.004000000000003e-05,0.00026845691050893683,0.0010103829870537465,0.00042083333333333366,0.4088696960220885,0.4125441740641944
uniform_random,0.995,3,25000,8.8,0.4,1.457030030847968e-05,0.0001804325420078383,0.0010474683801327891,0.006291559768961046,0.4051244799987282,0.3795568402933029
uniform_random,0.995,3,50000,11.2,0.2,1.191144243566089e-06,0.00013927445559131708,0.0006668458006814563,0.0025604931651468745,0.40258150007727694,0.3709567492900983
uniform_random,0.995,3,100000,11.999999999999998,0.2,5.148221872273984e-06,0.00011926531600653965,0.0008280142274224147,0.0022257453449191188,0.3930631261519462,0.33068022895298593
uniform_random,0.995,3,150000,10.733333333333333,0.26666666666666666,1.2822664086309388e-05,0.000111708942222101,0.0007113653305998903,0.006651614905434142,0.38441291575580383,0.2775099765701057
uniform_random,0.995,4,1000,10.0,0.0,2.0850000000000056e-05,0.0008658357061244337,0.0005073726207046672,0.00042083333333333366,0.41226607721566827,0.4125441740641944
uniform_random,0.995,4,5000,8.0,0.0,2.0160000000000048e-05,0.00038079152091400123,0.0007977577579699295,0.00042083333333333366,0.4106229197432218,0.4125441740641944
uniform_random,0.995,4,10000,5.0,0.0,1.8560000000000032e-05,0.00025839525769642656,0.0010264648493479155,0.00042083333333333366,0.4088036229008451,0.4125441740641944
uniform_random,0.995,4,25000,10.8,0.0,2.1475999999999965e-05,0.00017574243234917155,0.0009448676695690246,0.00042083333333333366,0.40487282300582933,0.4125441740641944
uniform_random,0.995,4,50000,9.0,0.0,2.045700000000001e-05,0.00012129412825030397,0.0005589223970354768,0.00042083333333333366,0.4027872933011638,0.4125441740641944
uniform_random,0.995,4,100000,9.1,0.1,2.0175417109320054e-05,9.100495089896899e-05,0.0007327292052244167,0.003813565934022352,0.39673967085439865,0.3718870209029351
uniform_random,0.995,4,150000,9.533333333333333,0.13333333333333333,1.2087145654673254e-05,7.932043017443774e-05,0.0008602506954087805,0.0011916957150600958,0.38769672315912174,0.34998634864227546
uniform_random,0.995,5,1000,30.0,0.0,3.0999999999999954e-05,0.0010551166760126565,0.0005102423875371756,0.00042083333333333366,0.4122313458612122,0.4125441740641944
uniform_random,0.995,5,5000,8.0,0.0,2.0240000000000047e-05,0.0003815470529305636,0.0008080356852819334,0.00042083333333333366,0.4106387321295942,0.4125441740641944
uniform_random,0.995,5,10000,8.0,0.0,2.030500000000006e-05,0.0002702278022336033,0.0010225643394367624,0.00042083333333333366,0.4087590956203171,0.4125441740641944
uniform_random,0.995,5,25000,9.6,0.0,2.0710000000000047e-05,0.00017258822230964419,0.0009105879079400922,0.00042083333333333366,0.4049704538307839,0.4125441740641944
uniform_random,0.995,5,50000,8.8,0.4,3.610123846357893e-05,0.00014366604815173033,0.0005557813744896512,0.009986427968119183,0.40286037138079395,0.34071356756916577
uniform_random,0.995,5,100000,9.6,0.4,2.389984388381783e-05,0.00015872404318546153,0.000745931165653183,0.0035071495403288847,0.3951148768005366,0.2769162029888956
uniform_random,0.995,5,150000,9.466666666666667,0.4666666666666667,3.290964300878274e-05,0.0001526860045675966,0.0007787257259132891,0.00484198006109784,0.3876356548067381,0.22098453041684293
uniform_random,0.995,6,1000,10.0,0.0,2.225000000000001e-05,0.0008944657343912032,0.0005159029033168916,0.00042083333333333366,0.41227119934063866,0.4125441740641944
uniform_random,0.995,6,5000,5.999999999999999,2.0,0.00020975070211136718,0.00040457650688900643,0.0008288328295226579,0.006371286508351787,0.410651836409772,0.38811092099589756
uniform_random,0.995,6,10000,4.0,1.0,9.76169154079734e-05,0.00029704600322124887,0.0009846137346049908,0.006074251550700357,0.4089074029584492,0.3795137145786071
uniform_random,0.995,6,25000,4.4,0.4,3.928289535738705e-05,0.00019468812883891934,0.0012177070751702563,0.004953675981572025,0.405466574778871,0.372896216402868
uniform_random,0.995,6,50000,9.799999999999999,0.4,1.824009843847535e-05,0.00015071116398696598,0.0006360805946442478,0.006548700585429002,0.4026692807452412,0.3403363471813306
uniform_random,0.995,6,100000,12.700000000000001,0.4,3.9360258685824934e-05,0.00013105759094902023,0.0007620791084412387,0.003817219399038748,0.3901257030762005,0.30235882725984137
uniform_random,0.995,6,150000,11.999999999999998,0.33333333333333337,1.4305570415110158e-05,0.00013288851113362577,0.000777141170618467,0.002454788711098374,0.3808668825858948,0.26681084900916346
uniform_random,0.995,7,1000,10.0,0.0,2.0850000000000002e-05,0.0008658357061244337,0.0005176315455613442,0.00042083333333333366,0.412269369083274,0.4125441740641944
uniform_random,0.995,7,5000,16.0,0.0,2.3489999999999973e-05,0.0004108946624136127,0.0007762444469921366,0.00042083333333333366,0.41066725086872563,0.4125441740641944
uniform_random,0.995,7,10000,28.999999999999996,0.0,2.9810000000000025e-05,0.00032718839252027834,0.0008295785432936258,0.00042083333333333366,0.4080856336844123,0.4125441740641944
uniform_random,0.995,7,25000,20.0,0.0,2.5701999999999857e-05,0.00019219195991508926,0.000834034418939225,0.00042083333333333366,0.40466143855738795,0.4125441740641944
uniform_random,0.995,7,50000,13.799999999999999,0.0,2.2832999999999685e-05,0.00012811848583244316,0.0007487698032328568,0.00042083333333333366,0.40260034747385753,0.4125441740641944
uniform_random,0.995,7,100000,12.6,0.0,2.2254999999999583e-05,8.94436851320235e-05,0.0007747719245426039,0.00042083333333333366,0.3933470707566132,0.4125441740641944
uniform_random,0.995,7,150000,11.266666666666666,0.06666666666666667,1.6116784462798695e-05,7.230568948139321e-05,0.0007925344952479067,0.0068691912893843856,0.3857239369623053,0.38013714085539463
uniform_random,0.995,8,1000,0.0,0.0,1.4650000000000012e-05,0.0007262049504100045,0.0005052064170459439,0.00042083333333333366,0.4123089208409356,0.4125441740641944
uniform_random,0.995,8,5000,8.0,0.0,2.0050000000000044e-05,0.00037975021000652225,0.0007975782148783093,0.00042083333333333366,0.4106487307862074,0.4125441740641944
uniform_random,0.995,8,10000,13.0,0.0,2.2184999999999975e-05,0.0002823936555590506,0.0010770599269339942,0.00042083333333333366,0.40871681717035163,0.4125441740641944
uniform_random,0.995,8,25000,9.6,0.0,2.082200000000023e-05,0.0001730548075495255,0.0010585915912274138,0.00042083333333333366,0.4052020327041974,0.4125441740641944
uniform_random,0.995,8,50000,14.0,0.2,2.8247770025857113e-06,0.00012861645315546112,0.0007994168613717476,0.0034461327951526726,0.4019493563111844,0.40359160252119963
uniform_random,0.995,8,100000,12.899999999999999,0.4,1.342382305816181e-05,0.00010181691328195713,0.0009112778309637663,0.005369508504110766,0.39152370154890076,0.3286286810189865
uniform_random,0.995,8,150000,12.2,0.26666666666666666,7.529310164684777e-06,9.55469886836291e-05,0.0006949572633220517,0.001047854490798442,0.37977751766329443,0.3256971900379298
uniform_random,0.995,9,1000,0.0,0.0,1.6949999999999992e-05,0.0007811334649085238,0.0005189699976401417,0.00042083333333333366,0.4122845922490827,0.4125441740641944
uniform_random,0.995,9,5000,16.0,0.0,2.3880000000000053e-05,0.00041429733670396337,0.0007827605714595347,0.00042083333333333366,0.4105050969679507,0.4125441740641944
uniform_random,0.995,9,10000,13.0,0.0,2.220499999999998e-05,0.00028252110204373093,0.0009200126715939466,0.00042083333333333366,0.40848898862457167,0.4125441740641944
uniform_random,0.995,9,25000,10.0,0.0,2.095399999999991e-05,0.00017359899571139052,0.0009239156795622785,0.00042083333333333366,0.4049827078279835,0.4125441740641944
uniform_random,0.995,9,50000,11.2,0.0,2.1617999999999812e-05,0.00012467647473360816,0.0006543903768412955,0.00042083333333333366,0.4026486984615146,0.4125441740641944
uniform_random,0.995,9,100000,11.4,0.1,1.1500949774065176e-05,9.071439768039287e-05,0.0007661630194294566,0.005497961863571491,0.3926036547962685,0.3738110365458098
uniform_random,0.995,9,150000,12.266666666666667,0.06666666666666667,6.769601330117864e-06,7.836503022486643e-05,0.0008290180882244624,0.0010959613732774518,0.38136269413592205,0.36739456028648054
right_biased_random,0.95,0,1000,230.0,20.0,0.0008520404761638081,0.006147942524005664,0.0056277065382191,0.007410951278871207,0.29720975510778547,0.2911234488263751
right_biased_random,0.95,0,5000,444.0,23.999999999999996,0.0005660749012978694,0.003697934735915599,0.011727147242384462,0.011808775179865972,0.16814656097047634,0.1531023564227005
right_biased_random,0.95,0,10000,539.0,25.0,5.425572102035758e-06,0.003114776785688937,0.003204610354260446,0.00852720569805823,0.03984010940104547,0.07003064849325484
right_biased_random,0.95,0,25000,525.1999999999999,22.8,0.00016623391103651186,0.00229406026983934,0.0031360736369508793,0.007385122201972708,0.009719245884029315,0.08776036617297615
right_biased_random,0.95,0,50000,554.0,27.200000000000003,0.000547494776841434,0.001724623619272065,0.004474083968149846,0.012212562155810201,0.011813236976260364,0.013017697765161295
right_biased_random,0.95,0,100000,560.4,28.900000000000002,0.00022535627485081866,0.0013496347515589366,0.006629727291138587,0.011462979215903056,0.007145898967001708,0.021665040785283696
right_biased_random,0.95,0,150000,563.0666666666666,28.8,0.00018159295174630108,0.001097063029719624,0.0027135500170491073,0.01057112845434599,0.0054342922446028565,0.021507381277066123
right_biased_random,0.95,1,1000,360.0,30.0,0.0011169577509924627,0.00755891387588602,0.0075614659681734675,0.010774984010106431,0.29160467265580553,0.281977811728589
right_biased_random,0.95,1,5000,538.0,30.0,0.00022466543211881185,0.004024107390761556,0.011821407052804433,0.012477612688837708,0.15315552296588214,0.14119424254025956
right_biased_random,0.95,1,10000,506.0,31.0,0.0008051120575554294,0.0033370928065951082,0.0033263555651388485,0.011625925162638417,0.06619144248017285,0.01877781262114223
right_biased_random,0.95,1,25000,515.6,30.799999999999997,0.00014858776770021453,0.0024679302251934526,0.004893830074433445,0.013653559557846064,0.01259049782840206,0.047155411147065195
right_biased_random,0.95,1,50000,527.2,30.599999999999998,0.00025010794592572605,0.0019459330373340156,0.005606976011536795,0.01577286472539741,0.011508678439972884,0.028057717566377
right_biased_random,0.95,1,100000,551.2,29.2,0.00013116058601159164,0.0013671155931491291,0.0035306947799293603,0.010482758239372891,0.03381421759466298,0.050225122806991075
right_biased_random,0.95,1,150000,560.8666666666667,29.599999999999998,0.0002474099921663253,0.0011405189813698772,0.003227116893982152,0.008307640782931502,0.016197805471591498,0.05362789944170413
right_biased_random,0.95,2,1000,709.9999999999999,50.0,0.0010695634165704127,0.010055970808479508,0.011006133662033563,0.01432766882497031,0.27932849351203876,0.26642521706417266
right_biased_random,0.95,2,5000,680.0,42.0,0.0006890717780964201,0.004486270649652859,0.011861431915707302,0.013849429013302536,0.12776063842015697,0.11285996814421691
right_biased_random,0.95,2,10000,644.0,36.0,0.00017576202918428985,0.0034391244740721765,0.004689407906359616,0.016894308344573863,0.028703521288792375,0.0468023531186259
right_biased_random,0.95,2,25000,620.0,33.6,0.00032455115767865417,0.0026556453521412765,0.005087958236346393,0.009846209299322006,0.01238335444683166,0.025962924395846868
right_biased_random,0.95,2,50000,614.6,32.0,0.0001887540303351365,0.001987447741693713,0.0033428241187866276,0.007795180810720358,0.005331158400944526,0.019547609703555836
right_biased_random,0.95,2,100000,587.3,28.8,5.2379499920540695e-05,0.0014006480040450024,0.004667645417046451,0.017485407538417704,0.00819322062296987,0.024445797539723674
right_biased_random,0.95,2,150000,584.1333333333333,29.4,4.33566638634586e-05,0.0011473855619183522,0.005253513792786671,0.01841286148034951,0.011202340355914464,0.02302940700560589
right_biased_random,0.95,3,1000,700.0000000000001,50.0,0.0013164831051978056,0.01025255001429356,0.010159899080686612,0.013367339608765592,0.2775638437358014,0.2669001517077716
right_biased_random,0.95,3,5000,566.0,28.0,0.0003734121909324123,0.004112667262195309,0.01012301192681214,0.013697126035533339,0.14949106742605534,0.16621683064556694
right_biased_random,0.95,3,10000,574.0,31.0,0.0004259020990458051,0.0032279784844047206,0.006505998756218355,0.012349509667564913,0.06461669886715424,0.03086074432511203
right_biased_random,0.95,3,25000,541.2,23.999999999999996,0.00010295215227620891,0.002370227326222444,0.003752510698449183,0.008925307842992725,0.013758039758032107,0.046173155384973685
right_biased_random,0.95,3,50000,533.4,23.999999999999996,0.00016592074355709086,0.0017281414625410863,0.003988750340379908,0.008233052300708607,0.007565523468585677,0.014091876397611336
right_biased_random,0.95,3,100000,527.9,25.400000000000002,0.00012996389094505068,0.0012995977244514114,0.003437991562695683,0.016356014846242963,0.015492573103291997,0.08680216526946416
right_biased_random,0.95,3,150000,536.5333333333333,27.133333333333333,0.00011163840172884187,0.0010904877753308215,0.002771953305406425,0.0130009143622233,0.0093441773852612,0.03563580521545398
right_biased_random,0.95,4,1000,560.0,10.0,0.0017808804465070417,0.009706983078996189,0.00954231072215937,0.006223354477222272,0.2847519621126699,0.2979671389523335
right_biased_random,0.95,4,5000,514.0,38.0,0.0007599231792251443,0.004113674325468119,0.009648798665103951,0.018973441325651513,0.156311047057465,0.09690956972608104
right_biased_random,0.95,4,10000,522.0,34.0,0.001538667098267943,0.0034871987681729956,0.005612270391204005,0.006685270199617607,0.06370013142296994,0.007621961328855125
right_biased_random,0.95,4,25000,574.8000000000001,28.8,0.00021897959604999517,0.0024217384959898274,0.003706528656033735,0.014421316099922322,0.017182883657777242,0.060569823369847266
right_biased_random,0.95,4,50000,559.4,28.2,0.00025517607654435004,0.0017976646042085727,0.0035415366834817413,0.011604561229040215,0.009594870950464325,0.029465944515918465
right_biased_random,0.95,4,100000,546.6,28.2,0.00014434461216805694,0.0013246429043538288,0.004933634834372679,0.017067220281566688,0.011439356728014098,0.04130107352368515
right_biased_random,0.95,4,150000,553.4,28.8,0.00027395733331836425,0.0011167643515549877,0.003432621193240374,0.008557457515001825,0.01245137024210583,0.016225918471038218
right_biased_random,0.95,5,1000,670.0,50.0,0.0014504318961101603,0.010185304163615554,0.010391669137870445,0.01323667463657831,0.2784414159936831,0.2693489184065321
right_biased_random,0.95,5,5000,616.0,34.0,0.00026816017921736657,0.004334385754802588,0.009054938396314141,0.013842750717282491,0.13110853845131015,0.12229630932269832
right_biased_random,0.95,5,10000,597.0,33.0,0.00042991218869939396,0.003540426315222723,0.002835330872996457,0.010236560730453183,0.04717913974303641,0.03499420537279333
right_biased_random,0.95,5,25000,602.4,31.2,0.00041296858448042206,0.002624223291263302,0.003948097648949274,0.007913580341839317,0.02390477496993747,0.014906436006183528
right_biased_random,0.95,5,50000,587.2,32.0,0.00025694866535280747,0.0019916463704668075,0.0036555732192421475,0.016386490807667468,0.025363543848226592,0.060268471099745556
right_biased_random,0.95,5,100000,575.0,29.5,0.00014765167763081122,0.0013899360399105218,0.004890182594327427,0.007126195996224068,0.004823721956301238,0.006716507355423128
right_biased_random,0.95,5,150000,564.8666666666667,29.46666666666667,1.4188023008399053e-05,0.001130452816250867,0.003323918327695375,0.010907896166399552,0.0058320711175282635,0.013562714312774692
right_biased_random,0.95,6,1000,580.0,30.0,0.0001903177897877098,0.009418597983389223,0.008770932612372216,0.010489760973568346,0.285713054580222,0.28263294562639757
right_biased_random,0.95,6,5000,602.0,42.0,0.0007440830703011464,0.004333598321384585,0.010379651454462792,0.016501814959288014,0.13794418037664843,0.09969876493763923
right_biased_random,0.95,6,10000,552.0,37.0,0.0005382529287760174,0.003461722851554639,0.0030526586954523205,0.012761244321124104,0.061398609102587626,0.027622201544970956
right_biased_random,0.95,6,25000,556.8,34.0,0.0010165248466746934,0.002739964501166994,0.0028916250417157347,0.011067445431797412,0.005300510012144331,0.05932080575529666
right_biased_random,0.95,6,50000,536.4,30.799999999999997,0.000276196994282607,0.0019276840048956547,0.0035446393029842558,0.009621855590525884,0.00781279211898063,0.019447626646674192
right_biased_random,0.95,6,100000,561.8,30.400000000000002,0.00032228889784441384,0.0013415012456170492,0.00402322464534155,0.012656843468707204,0.007097001406279811,0.03007247789169881
right_biased_random,0.95,6,150000,561.5333333333333,31.2,2.1352332228441462e-05,0.0011283432576085822,0.0026568242788897628,0.01549566185058266,0.014426790866655355,0.016929188226514926
right_biased_random,0.95,7,1000,429.99999999999994,20.0,0.00012134928201794175,0.008465233546892487,0.007300292157047943,0.006373631793083002,0.2914680965670163,0.29439216559573045
right_biased_random,0.95,7,5000,514.0,26.0,7.625023954926924e-05,0.004000132654661779,0.012636569318876183,0.013945369584794066,0.16052272225390787,0.14328155579518573
right_biased_random,0.95,7,10000,612.0,26.0,0.0007007652066095271,0.0032818974900017095,0.004282761360776405,0.007353960561549726,0.044891546465528474,0.09398322041976014
right_biased_random,0.95,7,25000,553.6,27.200000000000003,0.0009156342726668598,0.0022420297384002866,0.0019903698018415433,0.010830554488962798,0.006528097415113114,0.034669730861257096
right_biased_random,0.95,7,50000,549.6,29.4,0.0002499817765276857,0.00182225572981677,0.0019450841957599566,0.009496669151066806,0.013250044033846413,0.033594129041423636
right_biased_random,0.95,7,100000,542.6999999999999,24.7,0.0004588452783229058,0.0012455300885490476,0.0022891211822434684,0.008072255829663415,0.010745824681685437,0.0640668954939625
right_biased_random,0.95,7,150000,554.2666666666667,26.2,0.00033236181263596176,0.0010403137631312992,0.002886187197195351,0.011233446963697843,0.01526671097566404,0.05797375907411789
right_biased_random,0.95,8,1000,370.0,20.0,0.0002076197504320221,0.007881599561205694,0.007333014403989986,0.007105092029693758,0.2924963897881366,0.29235680534353864
right_biased_random,0.95,8,5000,454.00000000000006,28.0,2.6726768179663463e-05,0.0038491423208243274,0.0077173962322704785,0.010069587222157839,0.16666441704176346,0.14728165404831028
right_biased_random,0.95,8,10000,445.0,32.0,0.000691746312816266,0.003105785467867762,0.005958303846067474,0.014225078004987207,0.0983182893961157,0.022137740276319096
right_biased_random,0.95,8,25000,515.6,31.2,1.8469178803715014e-05,0.0024957692356854582,0.003387902232670587,0.014686069067754146,0.010191984576810935,0.022014008580124034
right_biased_random,0.95,8,50000,535.6,30.200000000000003,0.0004954438431286068,0.0019193196413041578,0.002943516251516988,0.007994751227410469,0.006327417165314447,0.019287838364434855
right_biased_random,0.95,8,100000,571.9,30.200000000000003,5.3844666980384925e-05,0.0013775165377423377,0.0038868216354888013,0.0073853225987174755,0.008813211765599523,0.02800335960982187
right_biased_random,0.95,8,150000,571.8666666666667,29.333333333333332,1.145541274572004e-05,0.0011194199781927672,0.0023691363455031153,0.017664406435082363,0.014094456468232671,0.07057926263789721
right_biased_random,0.95,9,1000,500.0,40.0,0.0017109697662781066,0.008503081709759793,0.008460161037809891,0.012182163916807461,0.288171751200674,0.2736929379416949
right_biased_random,0.95,9,5000,626.0,46.0,0.001507236181245833,0.004415431030074883,0.014442063478708434,0.021134187002909827,0.13292727381341982,0.06725634748009586
right_biased_random,0.95,9,10000,659.0,37.0,0.00037517279746976384,0.003736713530033785,0.004030465887898231,0.006032216383626975,0.02456886661623943,0.015627009095925334
right_biased_random,0.95,9,25000,603.6,36.0,0.0007188560768700003,0.002676363609557313,0.0033372666355668246,0.009854589668536534,0.012291378589340582,0.06791300193063758
right_biased_random,0.95,9,50000,546.2,30.0,0.00028946111627670135,0.0019380853301460058,0.0018078626928396911,0.012642345539115479,0.005571004323052822,0.01258107747861268
right_biased_random,0.95,9,100000,551.5,27.7,0.00014746875690380135,0.0013297864991831494,0.005735599717981957,0.012140093568783006,0.011450367449454803,0.01925944571987156
right_biased_random,0.95,9,150000,560.3333333333333,28.0,0.00022576393381940063,0.001109986357111423,0.0018961649968464792,0.010392610675234247,0.009232555544562959,0.019316794478589014
right_biased_random,0.99,0,1000,570.0,0.0,0.0005759999999999996,0.0045310901999408544,0.002232373203778512,0.0008416666666666673,0.3934052579772878,0.39746409774072045
right_biased_random,0.99,0,5000,602.0,5.999999999999999,1.5206969966149314e-05,0.002020553609720114,0.005027131065101964,0.005323252362321271,0.34136267663012987,0.34677284598651187
right_biased_random,0.99,0,10000,547.0,4.0,0.00024277619151991114,0.0013586711681523064,0.0036761330753932696,0.0036007150905451833,0.2836417090690035,0.31240259875762094
right_biased_random,0.99,0,25000,561.2,5.999999999999999,7.08747637943874e-05,0.00098954931046198,0.002343337766346161,0.001642951369498195,0.14699298645454323,0.1207092641402361
right_biased_random,0.99,0,50000,541.6,6.2,2.524180437249446e-05,0.000854453093761831,0.0009520384066477779,0.007774545561680081,0.05756255195157687,0.018070464569550474
right_biased_random,0.99,0,100000,531.6,5.9,6.705948239849047e-05,0.0007271909272046591,0.0008924002147240734,0.006594505093044989,0.02493058745217595,0.0695765023136135
right_biased_random,0.99,0,150000,536.2666666666667,5.533333333333333,8.26457028174632e-06,0.0006527967354323901,0.0010364463968414218,0.0043937067217063724,0.003798335472656141,0.07527139955540142
right_biased_random,0.99,1,1000,869.9999999999999,20.0,0.0010958346433941734,0.005407516689493,0.0028621513838961144,0.006087782329096507,0.3909406619897356,0.3823265315625985
right_biased_random,0.99,1,5000,650.0,5.999999999999999,5.6903369199667875e-05,0.002072416908616636,0.005223467714256559,0.0035596519761977095,0.334085109909435,0.3361897660058531
right_biased_random,0.99,1,10000,657.0,4.0,0.00022969936509930483,0.0014707480940697945,0.004301588690126423,0.0030799405289731615,0.2664037136691417,0.30873014702483786
right_biased_random,0.99,1,25000,629.2,5.199999999999999,0.00010597492384772922,0.000993019936151429,0.002307028252907415,0.0033899739677680763,0.1298598286546225,0.12882555302864684
right_biased_random,0.99,1,50000,614.2,6.6,0.00011575434769933723,0.0008644757417629234,0.0013092590179306918,0.00748084286957465,0.04107665311131265,0.025371783207283023
right_biased_random,0.99,1,100000,580.2,5.999999999999999,0.00011203115223717974,0.000741980137459042,0.001235145523446654,0.008466625852535511,0.004174157395352036,0.06966524834457581
right_biased_random,0.99,1,150000,577.6666666666666,6.266666666666667,6.271661384588123e-05,0.0006884356385395232,0.001056951098519258,0.004419464230423238,0.013388974136587054,0.15865941468997313
right_biased_random,0.99,2,1000,570.0,0.0,0.0005751000000000005,0.004527513847576839,0.002258098993500467,0.0008416666666666673,0.3931466390977341,0.39746409774072045
right_biased_random,0.99,2,5000,602.0,4.0,0.00019806273018516465,0.0020264247970229474,0.004994026503876946,0.0037487616085584642,0.3404572172248527,0.35016065780673533
right_biased_random,0.99,2,10000,544.0,2.9999999999999996,0.0002560846440013559,0.00136141977204054,0.0032615374158456215,0.0026551602613950082,0.28018818057196215,0.341540332838896
right_biased_random,0.99,2,25000,565.6,4.4,4.989033239766183e-05,0.0009413979258199729,0.0024717981743903467,0.003346077458139888,0.15666948611655163,0.17032195870882574
right_biased_random,0.99,2,50000,549.0,4.4,3.890631385658483e-05,0.0007676851027707267,0.0011647255139274892,0.0032865512509721814,0.06207041776301401,0.058580013152958216
right_biased_random,0.99,2,100000,554.0,3.6999999999999997,3.9949950768725095e-05,0.0006279956166709996,0.0006641933919329379,0.0029820452383638404,0.00569839532138564,0.05155962275993221
right_biased_random,0.99,2,150000,562.4,4.266666666666667,1.3245961228980363e-05,0.0005536115689106342,0.0008925382777956828,0.0033454286909618547,0.008410818288855959,0.03469919821102097
right_biased_random,0.99,3,1000,420.0,0.0,0.0004244000000000011,0.0038893680926340747,0.0018624929541698337,0.0008416666666666673,0.3943604397971185,0.39746409774072045
right_biased_random,0.99,3,5000,566.0,4.0,0.00014748610394575354,0.0019662122842246284,0.005160765767681939,0.0033934783579735034,0.3451404142248091,0.3497137836234902
right_biased_random,0.99,3,10000,560.0,4.0,0.00017759410823826177,0.0013724340458493066,0.003852059134615978,0.0037336027465016525,0.2801416299931499,0.3060165803109811
right_biased_random,0.99,3,25000,582.0,4.0,0.00016073238675820556,0.0009066333789289783,0.002100324067565639,0.0035209005360065846,0.15426437775435328,0.20219462611529246
right_biased_random,0.99,3,50000,589.4,4.4,0.0002846999687779739,0.0007040303235040838,0.0007463148576562542,0.008357180262027095,0.044673515540166416,0.11819937655569235
right_biased_random,0.99,3,100000,576.4,5.5,1.6109526160656973e-05,0.000689678110012621,0.0011163620831704062,0.00581795437837176,0.007658306677030953,0.12960684175538925
right_biased_random,0.99,3,150000,587.1333333333333,5.6,5.923751850606118e-05,0.0006667943994523895,0.0014660601805058283,0.004293739373702023,0.005593989921025134,0.14478481906827972
right_biased_random,0.99,4,1000,140.0,0.0,0.00014570000000000013,0.002279205888023283,0.0010772316748862316,0.0008416666666666673,0.3965268334467307,0.39746409774072045
right_biased_random,0.99,4,5000,456.0,8.0,0.00032453745771246836,0.00173741758269855,0.004823463823939142,0.007951011288625775,0.3551679886075421,0.3282854608845935
right_biased_random,0.99,4,10000,538.0,9.0,0.0003532592580697963,0.00135617173580542,0.004080144094904453,0.006646121705992598,0.2873116089908576,0.21144566651504715
right_biased_random,0.99,4,25000,546.8,6.4,0.00014934076870523616,0.0009935072583574253,0.0018985386383888355,0.0040422930480058334,0.14922265628309583,0.11266843631929709
right_biased_random,0.99,4,50000,537.8000000000001,6.2,4.266798239704883e-05,0.000860922420676717,0.001177043868187182,0.005340494419308677,0.05587322151442068,0.017310831119018558
right_biased_random,0.99,4,100000,555.6,5.999999999999999,0.00013407677144955388,0.0007112004074258765,0.0006957701992764872,0.004143187062983981,0.0032741838028458085,0.038508206543803845
right_biased_random,0.99,4,150000,560.1333333333333,5.733333333333333,0.00016971834190443458,0.0006206660598217742,0.001140628921669935,0.007884320001154452,0.0035136161188566947,0.03672238022373379
right_biased_random,0.99,5,1000,440.0,0.0,0.00044520000000000047,0.0039835638917933795,0.0016669675534529314,0.0008416666666666673,0.3945806574967085,0.39746409774072045
right_biased_random,0.99,5,5000,382.0,8.0,0.00039586494688014905,0.0016337677923585598,0.003914808387221254,0.012719937150912216,0.3597333990352993,0.35298954028713997
right_biased_random,0.99,5,10000,455.0,5.0,8.17530095468949e-05,0.0012515528563553403,0.003969956984360868,0.0024284822494529726,0.3032772421066282,0.2825269827851436
right_biased_random,0.99,5,25000,483.20000000000005,4.0,0.00011035962722907855,0.0008517197906065137,0.0025325765168539294,0.0037558128661438644,0.17941131107338823,0.21684857158558923
right_biased_random,0.99,5,50000,518.1999999999999,4.2,0.00011186637069171557,0.0007285830856912969,0.000874131559253787,0.004917325263778818,0.06345971257675942,0.09148043406943455
right_biased_random,0.99,5,100000,582.1,5.4,2.8768112613819508e-05,0.000662775756759246,0.000555866175275708,0.003786991449398471,0.013184404488883533,0.11702394852145487
right_biased_random,0.99,5,150000,573.3333333333334,5.199999999999999,2.862765429101355e-05,0.0006176490598448565,0.0006998698715990163,0.004951932400293332,0.004317311937787491,0.08769960464434123
right_biased_random,0.99,6,1000,470.0,0.0,0.00047410000000000036,0.004110764556624476,0.002157412898963991,0.0008416666666666673,0.3934583388906106,0.39746409774072045
right_biased_random,0.99,6,5000,404.0,2.0,0.00018874725882453425,0.0016823634518899795,0.0036892273632147484,0.0016221973350430488,0.35973864728074595,0.3723957098217589
right_biased_random,0.99,6,10000,480.99999999999994,5.999999999999999,8.186633988492911e-05,0.0012719807204389633,0.004468937716691587,0.010232856143816525,0.3015064819362476,0.31086158046333906
right_biased_random,0.99,6,25000,552.0,8.0,0.00016874544020734072,0.001046924188625007,0.001702489162148613,0.004507907928883462,0.15042572298092818,0.040758833652289925
right_biased_random,0.99,6,50000,551.0,6.800000000000001,0.0001839089094640145,0.0008988932511451099,0.0011594612215510326,0.0040453097094728845,0.05172068277962385,0.021670077062947022
right_biased_random,0.99,6,100000,544.9,6.800000000000001,0.00014987947042033323,0.000783183397811828,0.0009548720724028061,0.006657497828467446,0.0014745172368107046,0.14347936460628977
right_biased_random,0.99,6,150000,543.1333333333333,6.2,6.650243255956756e-05,0.0006857433784740474,0.0007571471090750265,0.005780349011727244,0.0059809026976453865,0.07215394675102545
right_biased_random,0.99,7,1000,350.00000000000006,0.0,0.0003546000000000006,0.0035552191831165645,0.0014374914028238174,0.0008416666666666673,0.3953255856493095,0.39746409774072045
right_biased_random,0.99,7,5000,440.0,8.0,0.00046172734358727874,0.0017240757056836472,0.004309117578887608,0.006568475716738797,0.3587402816593199,0.31712682253914537
right_biased_random,0.99,7,10000,514.0,4.0,1.5687241008144337e-06,0.0013226470145209239,0.004330266537471059,0.0014242244105676673,0.2936378715312952,0.2981718367778519
right_biased_random,0.99,7,25000,638.8000000000001,7.2,3.047712485551579e-05,0.001010040326148939,0.002856750607423975,0.0031768206040193683,0.12322932355148462,0.0737259068726719
right_biased_random,0.99,7,50000,580.0,5.999999999999999,7.717381591731964e-05,0.0009360488682463186,0.0016532609881262973,0.006186205297001539,0.03426434567366734,0.0398485823408116
right_biased_random,0.99,7,100000,578.6,5.9,0.00015919629465122043,0.0008063679996165853,0.0005370722339664754,0.006629834023375576,0.0013364297391082053,0.08693439487945692
right_biased_random,0.99,7,150000,578.9333333333333,5.933333333333333,0.00011689462404018691,0.0006908559503246536,0.0008237097591171175,0.004472822188456922,0.0024608750707767932,0.09427280045795687
right_biased_random,0.99,8,1000,890.0,20.0,0.0010924163178358346,0.00549268102699733,0.0030651993790565013,0.00683515314950918,0.39042175037188587,0.38117324447015016
right_biased_random,0.99,8,5000,626.0,5.999999999999999,6.590067470356453e-05,0.0020420041296000976,0.003847786476693322,0.0031398035544982876,0.33229668032918475,0.31714248875328294
right_biased_random,0.99,8,10000,589.0,7.0,0.00010974534664232038,0.0014119688269964086,0.0027516208167933077,0.007058250817354347,0.2705217996851455,0.2604308687937656
right_biased_random,0.99,8,25000,565.2,5.199999999999999,4.849010848193003e-05,0.0009453658262875809,0.0020233126766724743,0.00365115642019419,0.15103134792440118,0.16186603241648823
right_biased_random,0.99,8,50000,560.0,4.8,2.535593196870134e-05,0.0007678771961518639,0.0017269402023414038,0.0023722172104553066,0.057175381413215355,0.07149360278925831
right_biased_random,0.99,8,100000,578.9,4.7,6.886919497350874e-06,0.0006284397291144219,0.0006825027591019587,0.004546192336977108,0.0017273870431785087,0.008652187549832996
right_biased_random,0.99,8,150000,562.0,5.0,2.1148823137195905e-08,0.0005771122870463256,0.0009870178441521392,0.007192256298234616,0.0025533828323819154,0.09668275847833219
right_biased_random,0.99,9,1000,310.0,10.0,0.0006958494238563356,0.003299090462003407,0.0014694534300039568,0.003488125849138953,0.39565677835559954,0.39149394472416527
right_biased_random,0.99,9,5000,420.0,5.999999999999999,0.00016488975206655626,0.0016751174028760652,0.004127384006217933,0.0018300986571486953,0.3576736574208296,0.3228982988456098
right_biased_random,0.99,9,10000,469.0,5.999999999999999,8.627743372180419e-05,0.0012557263972557634,0.004511199911071164,0.0037006920783881334,0.30309516192301816,0.28037973612626155
right_biased_random,0.99,9,25000,521.6,7.2,0.00017687841325372822,0.0009491621860747816,0.0026346940555474507,0.007712493049770637,0.16242759989739014,0.08501064022719673
right_biased_random,0.99,9,50000,540.4,5.999999999999999,5.505026809488056e-05,0.0008638321872690923,0.0014548038898065524,0.0043919675663229435,0.055339848900929654,0.020750578004026323
right_biased_random,0.99,9,100000,545.2,4.8,0.000259913161995029,0.0006649127149004606,0.0005265015491391911,0.0021203084052630375,0.0025240258393134604,0.06685187532486174
right_biased_random,0.99,9,150000,552.4,5.466666666666667,3.924189437098935e-05,0.0005978586941804565,0.0009357438636252852,0.007798296740026338,0.009781983826786156,0.14542533367761049
right_biased_random,0.995,0,1000,780.0,0.0,0.00039155000000000055,0.003745076395749495,0.0015237599841984688,0.00042083333333333366,0.4090543980837029,0.4125441740641944
right_biased_random,0.995,0,5000,620.0,5.999999999999999,0.00028059181256245846,0.001472145959088188,0.002555288329726239,0.008055274582403031,0.38033966029128563,0.3695675341300246
right_biased_random,0.995,0,10000,528.0,5.0,0.00023515114961813327,0.0009620978546870743,0.002176423908775581,0.0037913532732929515,0.3502864796806899,0.28482648825426693
right_biased_random,0.995,0,25000,474.8,2.8,3.496925522540606e-05,0.0006097628350282809,0.0021499869897749512,0.002728243033358229,0.28044680517518095,0.2528034023992749
right_biased_random,0.995,0,50000,528.2,3.4000000000000004,2.9674740963325785e-05,0.0005395454052705453,0.0016343865003264045,0.0031809692562173816,0.16803008333562483,0.07238418798561505
right_biased_random,0.995,0,100000,545.6,2.7,1.798632346861062e-05,0.0004700338023379443,0.0005370743030928318,0.004800572107997628,0.05691289017468787,0.02831038751096596
right_biased_random,0.995,0,150000,547.2666666666667,2.5999999999999996,3.972159163528888e-05,0.00043347704451836326,0.0004358516961215965,0.0029808241679360747,0.018628978149297922,0.06419343626975688
right_biased_random,0.995,1,1000,370.0,0.0,0.00018840000000000051,0.0025979018226253313,0.0008536742924439101,0.00042083333333333366,0.411277794718981,0.4125441740641944
right_biased_random,0.995,1,5000,512.0,4.0,0.0001303158796098821,0.0013294877872024268,0.0027138280566128517,0.006111670805604083,0.3862623468707116,0.36867830228490006
right_biased_random,0.995,1,10000,527.0,2.0,9.032437933930576e-05,0.0009494467347437452,0.002211286421725717,0.0006049653502269749,0.34939809400589344,0.35371477123092426
right_biased_random,0.995,1,25000,573.2,1.2,0.00015166234844710136,0.0006244966723962434,0.0015907381539571424,0.0007078891898474685,0.2505319518073998,0.3299748336647652
right_biased_random,0.995,1,50000,566.4,1.8,7.801086964455417e-05,0.00046174229036015645,0.0009228613919609491,0.002189825532568757,0.15119109630680735,0.21364068381991622
right_biased_random,0.995,1,100000,558.2,2.1,3.190644887665628e-05,0.0003940092247896907,0.0006083642064373349,0.0023158806394183765,0.05674824937065961,0.026152408515969245
right_biased_random,0.995,1,150000,554.6666666666666,2.0,2.861842722795549e-05,0.0003781474574478153,0.0006223791330353667,0.0030055531993027954,0.019082573930882047,0.03133005424797384
right_biased_random,0.995,2,1000,530.0,0.0,0.0002669000000000002,0.0030920376097324596,0.0010517019935009431,0.00042083333333333366,0.41058899355637485,0.4125441740641944
right_biased_random,0.995,2,5000,522.0,0.0,0.00026345000000000063,0.0013738424647680631,0.002905138688672999,0.00042083333333333366,0.38740289274969025,0.4125441740641944
right_biased_random,0.995,2,10000,484.0,2.9999999999999996,4.525868096041073e-05,0.0009228281029974426,0.0018401720831108988,0.004584996819716746,0.3541655973092337,0.3462341014229058
right_biased_random,0.995,2,25000,558.4,2.4,5.164509353168534e-05,0.0006301919444825049,0.002546973504807195,0.001823839939644074,0.2582040499701814,0.26703267431171673
right_biased_random,0.995,2,50000,558.8,2.5999999999999996,3.524114857308969e-05,0.0004907726426072309,0.0011583092318595278,0.001275861951572287,0.1519996081699795,0.1440644610400462
right_biased_random,0.995,2,100000,569.4,3.6,2.6653053228353762e-06,0.0004958269924767715,0.00044387740114203156,0.0026272841428184404,0.04860310255072933,0.1306796343640638
right_biased_random,0.995,2,150000,571.9333333333333,2.8666666666666667,2.195701545520956e-05,0.0004698650240658329,0.0008156704599054515,0.0029893558536493634,0.015996637688312113,0.1167021824723567
right_biased_random,0.995,3,1000,550.0,0.0,0.00027820000000000037,0.0031568487832013773,0.0010049126528676052,0.00042083333333333366,0.41090956051425653,0.4125441740641944
right_biased_random,0.995,3,5000,660.0,5.999999999999999,0.0003024292944882219,0.0014884336300041146,0.002903745851992013,0.005793658757471959,0.37963853005437703,0.34760770784706824
right_biased_random,0.995,3,10000,678.0,4.0,8.263681038955806e-05,0.0010615137326261302,0.003281987722080231,0.0024313428953831213,0.3342492132229875,0.30543895472562316
right_biased_random,0.995,3,25000,630.8,3.6,2.0294209545967945e-05,0.0006956580019166163,0.001482238693319202,0.0014011057367837472,0.2400527087027989,0.19608357081630876
right_biased_random,0.995,3,50000,612.0,3.8000000000000003,5.373409181208544e-05,0.0005534539295171826,0.0013175376458922962,0.0035807275479244013,0.14483314136210443,0.06748945698047715
right_biased_random,0.995,3,100000,586.7,3.8000000000000003,0.00017845575664465763,0.0005031686750634131,0.0005729707607303689,0.0020973271664017587,0.04585699663519549,0.07832527170968713
right_biased_random,0.995,3,150000,599.5333333333333,3.2666666666666666,7.245544978967677e-05,0.00047093095643078856,0.0006638195530303583,0.003264876703343763,0.0009825114147840458,0.13932030355135844
right_biased_random,0.995,4,1000,530.0,0.0,0.0002668000000000005,0.0030914554436381613,0.0011059551798521291,0.00042083333333333366,0.4104296924730329,0.4125441740641944
right_biased_random,0.995,4,5000,564.0,2.0,7.343369895636623e-05,0.0014014833615237188,0.0027869192573152846,0.0010642617232213122,0.38370555380041377,0.3852184637989396
right_biased_random,0.995,4,10000,488.00000000000006,2.9999999999999996,5.723796377685858e-05,0.0009165366664394356,0.0022958845112845826,0.004473721948304094,0.35489725119794774,0.3549593808978521
right_biased_random,0.995,4,25000,581.6,3.2,3.742980442769661e-06,0.0006294596138962424,0.002309163527540468,0.00873960260288069,0.2530229329283378,0.26479287571038523
right_biased_random,0.995,4,50000,562.4,3.2,5.617982906436225e-06,0.0005022640981970979,0.0008688051238829644,0.002699044055647424,0.15218401463818151,0.1104304854934033
right_biased_random,0.995,4,100000,550.4,2.9999999999999996,2.905425650812088e-05,0.00044072034125093026,0.0005592390404517237,0.004849590874899927,0.06467495261344071,0.031145139970454844
right_biased_random,0.995,4,150000,550.7333333333333,2.8,7.510992031622976e-05,0.0004239299850313529,0.0006095813290438457,0.008055906161055504,0.018490682694086793,0.08113128136135019
right_biased_random,0.995,5,1000,560.0,0.0,0.0002823000000000004,0.0031799993490565395,0.001103583063700097,0.00042083333333333366,0.41062991483429706,0.4125441740641944
right_biased_random,0.995,5,5000,552.0,0.0,0.0002783700000000013,0.0014122064816449416,0.002660942640215366,0.00042083333333333366,0.38572465359498387,0.4125441740641944
right_biased_random,0.995,5,10000,567.0,4.0,9.412939527695188e-05,0.0009903073220963975,0.002398715918783347,0.0053907691564294286,0.3483748976471592,0.32468162759832353
right_biased_random,0.995,5,25000,566.4,2.4,3.849510106644638e-05,0.0006387758771323621,0.0017013424932228807,0.0008755294609082443,0.25679552653603027,0.259372752091614
right_biased_random,0.995,5,50000,593.1999999999999,2.0,1.2740509816866474e-05,0.00048316524678001957,0.0011522489026585213,0.0023215905665033474,0.14129325199549178,0.18859792394177066
right_biased_random,0.995,5,100000,577.0,2.2,5.992161512283212e-05,0.0004068596627584398,0.00042007727041657356,0.0029703241616046102,0.05588023405478671,0.023258768327010296
right_biased_random,0.995,5,150000,576.1999999999999,2.1333333333333333,0.00012626599516463166,0.0003887729591623135,0.0006240374654192943,0.00453170933853056,0.011722670417243558,0.0513112808065462
right_biased_random,0.995,6,1000,700.0000000000001,0.0,0.0003521500000000003,0.0035516751160543994,0.0014222881531279548,0.00042083333333333366,0.4096997288379138,0.4125441740641944
right_biased_random,0.995,6,5000,548.0,0.0,0.00027679999999999974,0.0014082240560365305,0.0021976772611809283,0.00042083333333333366,0.3834135591693109,0.4125441740641944
right_biased_random,0.995,6,10000,512.0,0.0,0.0002588499999999998,0.0009629389840483104,0.002049534978437808,0.00042083333333333366,0.35025159887331947,0.4125441740641944
right_biased_random,0.995,6,25000,517.6,0.4,0.0002228896973392432,0.0006082683100056882,0.0020845838178026343,0.0005540343699875858,0.2653136041922645,0.38644976328835684
right_biased_random,0.995,6,50000,520.6,2.0,4.957914463862845e-05,0.0004463071830602759,0.0006313247394596511,0.0011142216752200267,0.16270885172812066,0.17563681392135733
right_biased_random,0.995,6,100000,528.8000000000001,1.8,6.961692949006282e-05,0.00039315729854369307,0.000712142451779719,0.002162601416324202,0.06630628022445921,0.07164233346172921
right_biased_random,0.995,6,150000,535.1999999999999,2.2666666666666666,3.0387149806798686e-05,0.0003760049800311515,0.0005607543824047526,0.002373511962270952,0.02858307867282933,0.08034665944006121
right_biased_random,0.995,7,1000,440.0,0.0,0.00022195000000000024,0.0028196802105912673,0.0010107029226575227,0.00042083333333333366,0.4107365659485984,0.4125441740641944
right_biased_random,0.995,7,5000,566.0,5.999999999999999,0.00024932631122353416,0.001386113868109403,0.0024758528543521053,0.005277403052722442,0.3815848171700837,0.35766452009804506
right_biased_random,0.995,7,10000,562.0,2.9999999999999996,3.950856704527245e-05,0.0009744591214454426,0.002463009467119628,0.0010928528658395175,0.34763084874813194,0.33404440873103053
right_biased_random,0.995,7,25000,565.6,4.0,7.697434020116634e-05,0.0006362677364845141,0.00215362091446668,0.007762128575690985,0.25685368268435643,0.22249229605671914
right_biased_random,0.995,7,50000,541.8,3.2,5.392419653552083e-05,0.0005194302618814029,0.001237694993934224,0.0024179498282550457,0.16114740166433758,0.12053657762220087
right_biased_random,0.995,7,100000,543.9,2.5,0.00011446900508216284,0.00043992537233362967,0.00031374025716097526,0.0014339265914098398,0.060100579382916464,0.02878822244161612
right_biased_random,0.995,7,150000,545.2,2.933333333333333,3.710110706084402e-05,0.0004134925064874151,0.0005413410110943531,0.0023018925875269345,0.02005107375306682,0.12576482427970215
right_biased_random,0.995,8,1000,410.0,0.0,0.0002073000000000001,0.0027250496986293686,0.0008985394037250437,0.00042083333333333366,0.4110402779371322,0.4125441740641944
right_biased_random,0.995,8,5000,674.0,8.0,0.0004956717637489769,0.0014919908519321142,0.00343258930222773,0.0077435274076334505,0.3776016392711426,0.32059888410771903
right_biased_random,0.995,8,10000,583.0,5.0,0.00031552821196564884,0.001005056429050588,0.0023067379590305235,0.0018168860841248924,0.3415247107445525,0.28459501376877544
right_biased_random,0.995,8,25000,555.2,4.0,9.141029701117964e-05,0.0006770963630345546,0.0017131228616013687,0.0021860769528678123,0.2567720721995435,0.2016405037605049
right_biased_random,0.995,8,50000,564.1999999999999,3.4000000000000004,1.7461121517931e-05,0.000536810227479022,0.0010548301400760546,0.0022840414581811463,0.15129048295100278,0.08234291909403542
right_biased_random,0.995,8,100000,575.7,2.9,2.3876850994086762e-05,0.00047922638317948057,0.0005224511615150307,0.0020216127837050235,0.045752829783228,0.023494360115376294
right_biased_random,0.995,8,150000,585.1333333333333,3.066666666666667,1.700742472754424e-05,0.00044558535034940554,0.0004284704458116795,0.0023274987152731297,0.007701255111114196,0.13290960509902452
right_biased_random,0.995,9,1000,630.0,0.0,0.00031764999999999994,0.0033732321636673656,0.0010962556703273468,0.00042083333333333366,0.41060001003200347,0.4125441740641944
right_biased_random,0.995,9,5000,562.0,2.0,0.0001068231585064144,0.0014076994766754904,0.0028970130286776158,0.0022265195582327766,0.3855333533100443,0.39116474683664704
right_biased_random,0.995,9,10000,567.0,2.9999999999999996,1.538625702773508e-05,0.0009873456187103485,0.002302902976228734,0.003625108820981746,0.34664063386248883,0.34130310389277835
right_biased_random,0.995,9,25000,565.6,1.6,9.433865873642588e-05,0.0006244500767168777,0.0018820038716084498,0.001159411362627344,0.25721830697589876,0.3142041144356794
right_biased_random,0.995,9,50000,564.0,1.8,5.8284292215424194e-05,0.0004514017819308329,0.0014516919266162494,0.0014540316002163434,0.1560162603639926,0.22257788643630017
right_biased_random,0.995,9,100000,577.4,1.9000000000000001,1.4440148403793707e-05,0.00037770623228797624,0.0003018974601839373,0.00273868525338788,0.05198990535006437,0.08248107648521001
right_biased_random,0.995,9,150000,575.6,2.2,6.157962602770795e-05,0.00035953846910159894,0.0004172405350029255,0.00427077222662621,0.013828149207047618,0.03961805122070543
